Version,farm-ts,lit-ts,parcel-ts,rollup-ts,rsbuild-ts,vitejs-ts
0.10.3,-,490.6,638.3,467.7,-,471.1
0.11.0,-,466.76,627.5,444.0,-,447.32
0.12.0,-,466.42,498.3,443.7,431.3,446.97
0.16.0,461.0,471.7,521.2,443.7,429.4,447.5
0.17.0,454.2,462.4,529.3,439.2,416.9,443.1
0.18.0,407.8,402.7,506.5,381.0,358.0,384.0
0.19.0,406.09,402.19,506.70,380.44,361.94,383.50
0.20.0,404.25,389.92,500.98,369.02,347.19,371.86
0.21.0,400.69,385.16,499.78,367.33,349.82,368.24
0.22.0,400.75,386.24,502.59,368.64,349.09,369.76
0.23.0,400.69,385.83,494.59,368.20,348.71,369.34
0.24.0,400.61,384.47,495.01,366.90,347.64,368.01
0.24.0 (vite v8),400.61,378.61,495.01,366.90,347.64,362.98
0.24.0 (vite v8 / parcel 2.16.4 / rsbuild 2.1),401.49,379.05,504.76,366.90,346.94,363.25
