Version,js-example,js-example-selected-features,js-example-without-defaults,ts-example,ts-example-selected-features,ts-example-without-defaults
0.1.0,676.79,-,-,561.89,-,-
0.2.0,676.71,-,-,561.84,-,-
0.3.0,676.79,-,-,561.43,-,-
0.4.0,682.21,-,-,568.18,-,-
0.5.0,682.5,-,-,568.58,-,-
0.6.0,681.45,-,-,468.01,-,-
0.10.3,513.8,-,-,468.63,-,-
0.11.0,512.61,-,-,444.89,-,-
0.12.0,458.7,-,-,444.46,-,-
0.16.0,484.1,-,475.71,444.4,-,440.4
0.17.0,475.7,476.1,452.1,439.15,439.1,435.1
0.18.0,476.10,423.45,347.86,439.30,381.15,330.38
0.19.0,475.30,415.10,347.33,438.64,380.70,329.90
0.20.0,467.59,390.40,325.44,435.23,369.09,309.18
0.21.0,467.08,388.78,323.61,434.46,368.38,307.41
0.22.0,468.30,389.98,324.78,433.31,368.09,307.22
0.23.0,467.55,388.57,323.29,433.53,367.64,306.64
0.24.0,468.7,386.38,320.97,434.58,366.37,303.7
0.24.0 (vite v8 / webpack 5.109),466.60,384.77,319.99,428.51,361.38,299.46
0.25.0,466.88,384.94,239.11,428.73,361.53,220.86
